{
"lectureId":"232931835",
"images":
[
{
"path":"thumbnails/150.jpg",
"start":"00:00:06",
"unique":true,
"textlines":[
]
}
,{
"path":"thumbnails/375.jpg",
"start":"00:00:15",
"unique":true,
"textlines":[
]
}
,{
"path":"thumbnails/5475.jpg",
"start":"00:00:45",
"unique":true,
"textlines":[
]
}
,{
"path":"thumbnails/9150.jpg",
"start":"00:04:00",
"unique":true,
"textlines":[
]
}
,{
"path":"thumbnails/10725.jpg",
"start":"00:06:27",
"unique":true,
"textlines":[
]
}
,{
"path":"thumbnails/13425.jpg",
"start":"00:07:51",
"unique":true,
"textlines":[
]
}
,{
"path":"thumbnails/15825.jpg",
"start":"00:09:27",
"unique":true,
"textlines":[
]
}
,{
"path":"thumbnails/16875.jpg",
"start":"00:11:06",
"unique":true,
"textlines":[
]
}
,{
"path":"thumbnails/18408.jpg",
"start":"00:11:57",
"unique":true,
"textlines":[
]
}
]
}
